Well,Sample description 1,Sample description 2,Sample description 3,Sample description 4,Target,Conc(copies/µL),pg/µL,Status,Status Reason,Experiment,SampleType,TargetType,Supermix,DyeName(s),Copies/20µLWell,TotalConfMax,TotalConfMin,PoissonConfMax,PoissonConfMin,Accepted Droplets,Positives,Negatives,Copies/uL linked molecules,CNV,TotalCNVMax,TotalCNVMin,PoissonCNVMax,PoissonCNVMin,ReferenceCopies,UnknownCopies,Threshold1,Threshold2,Threshold3,ThresholdSigmaAbove,ThresholdSigmaBelow,ReferenceUsed,Ratio,TotalRatioMax,TotalRatioMin,PoissonRatioMax,PoissonRatioMin,Fractional Abundance,TotalFractionalAbundanceMax,TotalFractionalAbundanceMin,PoissonFractionalAbundanceMax,PoissonFractionalAbundanceMin,MeanAmplitudeOfPositives,MeanAmplitudeOfNegatives,MeanAmplitudeTotal,ExperimentComments,MergedWells,TotalConfidenceMax68,TotalConfidenceMin68,PoissonConfidenceMax68,PoissonConfidenceMin68,TotalCNVMax68,TotalCNVMin68,PoissonCNVMax68,PoissonCNVMin68,TotalRatioMax68,TotalRatioMin68,PoissonRatioMax68,PoissonRatioMin68,TotalFractionalAbundanceMax68,TotalFractionalAbundanceMin68,PoissonFractionalAbundanceMax68,PoissonFractionalAbundanceMin68,TiltCorrected,Ch1+Ch2+,Ch1+Ch2-,Ch1-Ch2+,Ch1-Ch2-
M01,3199,,,,1,0,,,,DQ,Unknown,Unknown,ddPCR Supermix for Probes (No dUTP),FAM,,0.103144891560078,0,0.103144891560078,0,36538,0,36538,,,,,,,,,,,,,,,,,,,,,,,,,,,,,"A03, A04",0.0471302419900894,0,0.0471302419900894,0,,,,,,,,,,,,,False,0,0,0,0
M02,3207,,,,1,400.149261474609,,,,DQ,Unknown,Unknown,ddPCR Supermix for Probes (No dUTP),FAM,,408.025604248047,392.321929931641,408.025604248047,392.321929931641,36927,10062,26865,,,,,,,,,,,,,,,,,,,,,,,,,,,,,"A05, A06",404.161651611328,396.149627685547,404.161651611328,396.149627685547,,,,,,,,,,,,,False,0,0,0,0
M03,3200,,,,1,28.3381061553955,,,,DQ,Unknown,Unknown,ddPCR Supermix for Probes (No dUTP),FAM,,30.2044696807861,26.4745082855225,30.2044696807861,26.4745082855225,39817,887,38930,,,,,,,,,,,,,,,,,,,,,,,,,,,,,"B03, B04",29.2899856567383,27.3869457244873,29.2899856567383,27.3869457244873,,,,,,,,,,,,,False,0,0,0,0
M04,3208,,,,1,0,,,,DQ,Unknown,Unknown,ddPCR Supermix for Probes (No dUTP),FAM,,0.0936065539717674,0,0.0936065539717674,0,40261,0,40261,,,,,,,,,,,,,,,,,,,,,,,,,,,,,"B05, B06",0.0427719578146935,0,0.0427719578146935,0,,,,,,,,,,,,,False,0,0,0,0
M05,3201,,,,1,13.0768566131592,,,,DQ,Unknown,Unknown,ddPCR Supermix for Probes (No dUTP),FAM,,14.9924449920654,11.1564264297485,14.3574466705322,11.7975692749023,38773,401,38372,,,,,,,,,,,,,,,,,,,,,,,,,,,,,"C03, C04",14.0530118942261,12.0958595275879,13.730055809021,12.4239959716797,,,,,,,,,,,,,False,0,0,0,0
M06,3209,,,,1,424.156311035156,,,,DQ,Unknown,Unknown,ddPCR Supermix for Probes (No dUTP),FAM,,437.87841796875,410.418579101563,432.22119140625,416.142822265625,37717,10796,26921,,,,,,,,,,,,,,,,,,,,,,,,,,,,,"C05, C06",431.153564453125,417.143432617188,428.264587402344,420.061401367188,,,,,,,,,,,,,False,0,0,0,0
M07,3202,,,,1,452.455322265625,,,,DQ,Unknown,Unknown,ddPCR Supermix for Probes (No dUTP),FAM,,460.706939697266,444.257507324219,460.706939697266,444.257507324219,38899,11752,27147,,,,,,,,,,,,,,,,,,,,,,,,,,,,,"D03, D04",456.658569335938,448.266082763672,456.658569335938,448.266082763672,,,,,,,,,,,,,False,0,0,0,0
M08,3210,,,,1,49.8464813232422,,,,DQ,Unknown,Unknown,ddPCR Supermix for Probes (No dUTP),FAM,,55.8826560974121,43.8284721374512,52.3879203796387,47.3101654052734,38118,1481,36637,,,,,,,,,,,,,,,,,,,,,,,,,,,,,"D05, D06",52.9306106567383,46.780517578125,51.1424942016602,48.5517997741699,,,,,,,,,,,,,False,0,0,0,0
M09,3203,,,,1,144.319427490234,,,,DQ,Unknown,Unknown,ddPCR Supermix for Probes (No dUTP),FAM,,149.476440429688,139.193893432617,148.6611328125,139.992660522461,39337,4264,35073,,,,,,,,,,,,,,,,,,,,,,,,,,,,,"E03, E04",146.958267211914,141.712066650391,146.53271484375,142.11003112793,,,,,,,,,,,,,False,0,0,0,0
M10,3211,,,,1,17.3456764221191,,,,DQ,Unknown,Unknown,ddPCR Supermix for Probes (No dUTP),FAM,,19.2994956970215,15.4451942443848,18.8068542480469,15.8861932754517,39576,542,39034,,,,,,,,,,,,,,,,,,,,,,,,,,,,,"E05, E06",18.3555850982666,16.3891048431396,18.0909633636475,16.600830078125,,,,,,,,,,,,,False,0,0,0,0
M11,3204,,,,1,53.7626762390137,,,,DQ,Unknown,Unknown,ddPCR Supermix for Probes (No dUTP),FAM,,56.4792404174805,51.0997428894043,56.3425445556641,51.1880912780762,39961,1672,38289,,,,,,,,,,,,,,,,,,,,,,,,,,,,,"F03, F04",55.1618118286133,52.4171714782715,55.0782737731934,52.4484558105469,,,,,,,,,,,,,False,0,0,0,0
M12,3212,,,,1,24.3414745330811,,,,DQ,Unknown,Unknown,ddPCR Supermix for Probes (No dUTP),FAM,,27.7307949066162,21.0912189483643,26.0977401733398,22.5876560211182,38559,739,37820,,,,,,,,,,,,,,,,,,,,,,,,,,,,,"F05, F06",26.1047763824463,22.7172374725342,25.2372226715088,23.4463634490967,,,,,,,,,,,,,False,0,0,0,0
M13,3205,,,,1,41.2751846313477,,,,DQ,Unknown,Unknown,ddPCR Supermix for Probes (No dUTP),FAM,,47.1521186828613,35.4503746032715,43.5582504272461,38.9962577819824,38970,1258,37712,,,,,,,,,,,,,,,,,,,,,,,,,,,,,"G03, G04",44.2863845825195,38.3161087036133,42.4394950866699,40.1119537353516,,,,,,,,,,,,,False,0,0,0,0
M14,3213,,,,1,0,,,,DQ,Unknown,Unknown,ddPCR Supermix for Probes (No dUTP),FAM,,0.0962187871336937,0,0.0962187871336937,0,39168,0,39168,,,,,,,,,,,,,,,,,,,,,,,,,,,,,"G05, G06",0.0439655482769012,0,0.0439655482769012,0,,,,,,,,,,,,,False,0,0,0,0
M15,3206,,,,1,109.659423828125,,,,DQ,Unknown,Unknown,ddPCR Supermix for Probes (No dUTP),FAM,,113.514450073242,105.81616973877,113.514450073242,105.81616973877,37371,3120,34251,,,,,,,,,,,,,,,,,,,,,,,,,,,,,"H03, H04",111.624794006348,107.697113037109,111.624794006348,107.697113037109,,,,,,,,,,,,,False,0,0,0,0
M16,gBlock 50 copies,,,,1,9.19148540496826,,,,DQ,PosCtrl,Unknown,ddPCR Supermix for Probes (No dUTP),FAM,,10.6732110977173,7.71150350570679,10.6732110977173,7.71150350570679,20328,148,20180,,,,,,,,,,,,,,,,,,,,,,,,,,,,,H05,9.94725036621094,8.43617534637451,9.94725036621094,8.43617534637451,,,,,,,,,,,,,False,0,0,0,0
M17,NTC,,,,1,0,,,,DQ,NTC,Unknown,ddPCR Supermix for Probes (No dUTP),FAM,,0.186779320240021,0,0.186779320240021,0,20178,0,20178,,,,,,,,,,,,,,,,,,,,,,,,,,,,,H06,0.085343986749649,0,0.085343986749649,0,,,,,,,,,,,,,False,0,0,0,0
A03,3199,,,,1,0,,Manual,Droplets Analyzed Manually,DQ,Unknown,Unknown,ddPCR Supermix for Probes (No dUTP),FAM,0,,,0.198684737086296,0,18969,0,18969,,,,,,,,,895.261840820313,,,,12.5108452813966,,,,,,,,,,,,,523.752493470664,523.752493470664,,,,,0.0907836332917213,0,,,,,,,,,,,,,No,0,0,0,0
A04,3199,,,,1,0,,Manual,Droplets Analyzed Manually,DQ,Unknown,Unknown,ddPCR Supermix for Probes (No dUTP),FAM,0,,,0.214518457651138,0,17569,0,17569,,,,,,,,,895.261840820313,,,,12.6030059275495,,,,,,,,,,,,,531.039850436804,531.039850436804,,,,,0.0980180725455284,0,,,,,,,,,,,,,No,0,0,0,0
A05,3207,,,,1,403.926574707031,,Manual,Droplets Analyzed Manually,DQ,Unknown,Unknown,ddPCR Supermix for Probes (No dUTP),FAM,8078.53125,,,414.994842529297,392.954833984375,18954,5206,13748,,,,,,,,,895.261840820313,,,10.9858814295016,12.2249766530401,,,,,,,,,,,,6892.52763068323,531.828992895238,2278.89014665298,,,,,409.561492919922,398.316802978516,,,,,,,,,,,,,No,0,0,0,0
A06,3207,,,,1,396.178009033203,,Manual,Droplets Analyzed Manually,DQ,Unknown,Unknown,ddPCR Supermix for Probes (No dUTP),FAM,7923.56005859375,,,407.417358398438,385.038238525391,17973,4856,13117,,,,,,,,,895.261840820313,,,12.3663488876655,12.0570937212625,,,,,,,,,,,,7010.57376299737,537.346996072681,2286.30316255498,,,,,401.899841308594,390.482116699219,,,,,,,,,,,,,No,0,0,0,0
B03,3200,,,,1,29.2531700134277,,Manual,Droplets Analyzed Manually,DQ,Unknown,Unknown,ddPCR Supermix for Probes (No dUTP),FAM,585.063415527344,,,31.9381694793701,26.5738887786865,19880,457,19423,,,,,,,,,895.261840820313,,,8.42738443531094,12.5754830190888,,,,,,,,,,,,6605.68177685226,529.017652421154,668.707567152795,,,,,30.6223526000977,27.88547706604,,,,,,,,,,,,,No,0,0,0,0
B04,3200,,,,1,27.4263229370117,,Manual,Droplets Analyzed Manually,DQ,Unknown,Unknown,ddPCR Supermix for Probes (No dUTP),FAM,548.526489257813,,,30.0213737487793,24.836612701416,19937,430,19507,,,,,,,,,895.261840820313,,,10.8444800055998,12.5571914496792,,,,,,,,,,,,6738.66936063545,532.33469249952,666.192540084334,,,,,28.7496585845947,26.1043758392334,,,,,,,,,,,,,No,0,0,0,0
B05,3208,,,,1,0,,Manual,Droplets Analyzed Manually,DQ,Unknown,Unknown,ddPCR Supermix for Probes (No dUTP),FAM,0,,,0.183944016695023,0,20489,0,20489,,,,,,,,,895.261840820313,,,,12.6948559724439,,,,,,,,,,,,,530.949112584158,530.949112584158,,,,,0.0840485095977783,0,,,,,,,,,,,,,No,0,0,0,0
B06,3208,,,,1,0,,Manual,Droplets Analyzed Manually,DQ,Unknown,Unknown,ddPCR Supermix for Probes (No dUTP),FAM,0,,,0.190614968538284,0,19772,0,19772,,,,,,,,,895.261840820313,,,,12.3097047046006,,,,,,,,,,,,,534.304309063201,534.304309063201,,,,,0.0870965048670769,0,,,,,,,,,,,,,No,0,0,0,0
C03,3201,,,,1,12.0958595275879,,Manual,Droplets Analyzed Manually,DQ,Unknown,Unknown,ddPCR Supermix for Probes (No dUTP),FAM,241.917190551758,,,13.8401126861572,10.3540210723877,19331,185,19146,,,,,,,,,895.261840820313,,,10.300105068251,12.6811614741495,,,,,,,,,,,,6560.84237687394,517.981702854974,575.812607862139,,,,,12.9854831695557,11.2068643569946,,,,,,,,,,,,,No,0,0,0,0
C04,3201,,,,1,14.0530118942261,,Manual,Droplets Analyzed Manually,DQ,Unknown,Unknown,ddPCR Supermix for Probes (No dUTP),FAM,281.060241699219,,,15.9285440444946,12.180272102356,19442,216,19226,,,,,,,,,895.261840820313,,,10.6709694487489,12.6155648104091,,,,,,,,,,,,6690.39265385381,526.81183966253,595.289025953309,,,,,15.0095672607422,13.0971841812134,,,,,,,,,,,,,No,0,0,0,0
C05,3209,,,,1,417.143432617188,,Manual,Droplets Analyzed Manually,DQ,Unknown,Unknown,ddPCR Supermix for Probes (No dUTP),FAM,8342.869140625,,,428.474365234375,405.913696289063,18785,5302,13483,,,,,,,,,895.261840820313,,,10.8655585327399,12.4687663392084,,,,,,,,,,,,6765.68547164589,522.23304305246,2284.42547192669,,,,,422.911773681641,411.401458740234,,,,,,,,,,,,,No,0,0,0,0
C06,3209,,,,1,431.153564453125,,Manual,Droplets Analyzed Manually,DQ,Unknown,Unknown,ddPCR Supermix for Probes (No dUTP),FAM,8623.0712890625,,,442.662994384766,419.74853515625,18932,5494,13438,,,,,,,,,895.261840820313,,,11.1543034380776,12.4067882880271,,,,,,,,,,,,6849.74037289836,526.988292920623,2361.82877080979,,,,,437.012542724609,425.321746826172,,,,,,,,,,,,,No,0,0,0,0
D03,3202,,,,1,448.573303222656,,Manual,Droplets Analyzed Manually,DQ,Unknown,Unknown,ddPCR Supermix for Probes (No dUTP),FAM,8971.4658203125,,,460.239013671875,437.014770507813,19316,5794,13522,,,,,,,,,895.261840820313,,,9.47172646217553,11.8101715611551,,,,,,,,,,,,6830.33671334385,534.664283913809,2423.10526838873,,,,,454.511688232422,442.662811279297,,,,,,,,,,,,,No,0,0,0,0
D04,3202,,,,1,456.296234130859,,Manual,Droplets Analyzed Manually,DQ,Unknown,Unknown,ddPCR Supermix for Probes (No dUTP),FAM,9125.9248046875,,,468.000671386719,444.69970703125,19583,5958,13625,,,,,,,,,895.261840820313,,,10.0394273625629,11.8921926069044,,,,,,,,,,,,6880.43843488895,536.515932359608,2466.61296907869,,,,,462.254241943359,450.366271972656,,,,,,,,,,,,,No,0,0,0,0
D05,3210,,,,1,46.780517578125,,Manual,Droplets Analyzed Manually,DQ,Unknown,Unknown,ddPCR Supermix for Probes (No dUTP),FAM,935.6103515625,,,50.2585182189941,43.3121032714844,19092,697,18395,,,,,,,,,895.261840820313,,,9.92267794489781,12.5680129390131,,,,,,,,,,,,6787.26661644912,526.674204767823,755.232392015983,,,,,48.5538063049316,45.0097198486328,,,,,,,,,,,,,No,0,0,0,0
D06,3210,,,,1,52.9306106567383,,Manual,Droplets Analyzed Manually,DQ,Unknown,Unknown,ddPCR Supermix for Probes (No dUTP),FAM,1058.61218261719,,,56.6414947509766,49.2306442260742,19026,784,18242,,,,,,,,,895.261840820313,,,10.6863143605671,12.4429044238289,,,,,,,,,,,,6838.08820903545,529.187909544828,789.157311142675,,,,,54.8225517272949,51.0415115356445,,,,,,,,,,,,,No,0,0,0,0
E03,3203,,,,1,146.958267211914,,Manual,Droplets Analyzed Manually,DQ,Unknown,Unknown,ddPCR Supermix for Probes (No dUTP),FAM,2939.16528320313,,,153.177612304688,140.76953125,19571,2158,17413,,,,,,,,,895.261840820313,,,11.479998078969,12.4587503922835,,,,,,,,,,,,6757.64298002934,531.396632833825,1217.93485863976,,,,,150.127548217773,143.796936035156,,,,,,,,,,,,,No,0,0,0,0
E04,3203,,,,1,141.712066650391,,Manual,Droplets Analyzed Manually,DQ,Unknown,Unknown,ddPCR Supermix for Probes (No dUTP),FAM,2834.2412109375,,,147.782379150391,135.670913696289,19766,2106,17660,,,,,,,,,895.261840820313,,,11.6654315473642,12.548626786862,,,,,,,,,,,,6826.68518964834,534.238287661111,1204.67708031441,,,,,144.80549621582,138.626220703125,,,,,,,,,,,,,No,0,0,0,0
E05,3211,,,,1,16.3891048431396,,Manual,Droplets Analyzed Manually,DQ,Unknown,Unknown,ddPCR Supermix for Probes (No dUTP),FAM,327.782104492188,,,18.3714485168457,14.4098815917969,20317,263,20054,,,,,,,,,895.261840820313,,,10.402144540958,12.7268986593692,,,,,,,,,,,,6765.84184282542,535.982672133141,616.62710595172,,,,,17.4001140594482,15.3789081573486,,,,,,,,,,,,,No,0,0,0,0
E06,3211,,,,1,18.3555850982666,,Manual,Droplets Analyzed Manually,DQ,Unknown,Unknown,ddPCR Supermix for Probes (No dUTP),FAM,367.111694335938,,,20.5113353729248,16.2035255432129,19259,279,18980,,,,,,,,,895.261840820313,,,9.05746623728896,12.2321210193023,,,,,,,,,,,,6744.95582586035,537.904425802924,627.824325102785,,,,,19.4549961090088,17.2571353912354,,,,,,,,,,,,,No,0,0,0,0
F03,3204,,,,1,55.1618118286133,,Manual,Droplets Analyzed Manually,DQ,Unknown,Unknown,ddPCR Supermix for Probes (No dUTP),FAM,1103.23620605469,,,58.895824432373,51.438850402832,19601,841,18760,,,,,,,,,895.261840820313,,,8.92268642503944,12.4088043398259,,,,,,,,,,,,6587.54917096695,528.958721505757,788.908446927769,,,,,57.0655364990234,53.2609672546387,,,,,,,,,,,,,No,0,0,0,0
F04,3204,,,,1,52.4171714782715,,Manual,Droplets Analyzed Manually,DQ,Unknown,Unknown,ddPCR Supermix for Probes (No dUTP),FAM,1048.34338378906,,,55.9864158630371,48.858024597168,20360,831,19529,,,,,,,,,895.261840820313,,,8.22699826366082,12.5739269226675,,,,,,,,,,,,6512.60098262929,519.973201831601,764.56424730522,,,,,54.2369499206543,50.6000213623047,,,,,,,,,,,,,No,0,0,0,0
F05,3212,,,,1,22.7172374725342,,Manual,Droplets Analyzed Manually,DQ,Unknown,Unknown,ddPCR Supermix for Probes (No dUTP),FAM,454.344757080078,,,25.0694484710693,20.3694152832031,20058,359,19699,,,,,,,,,895.261840820313,,,11.8197395981517,13.2729148539012,,,,,,,,,,,,6629.91505878417,519.955293281749,629.311936806296,,,,,23.9167938232422,21.5188217163086,,,,,,,,,,,,,No,0,0,0,0
F06,3212,,,,1,26.1047763824463,,Manual,Droplets Analyzed Manually,DQ,Unknown,Unknown,ddPCR Supermix for Probes (No dUTP),FAM,522.095520019531,,,28.7322940826416,23.4827365875244,18501,380,18121,,,,,,,,,895.261840820313,,,13.9231188706279,12.1695976398575,,,,,,,,,,,,6859.90842156661,537.284566566556,667.147658556179,,,,,27.4446601867676,24.7663173675537,,,,,,,,,,,,,No,0,0,0,0
G03,3205,,,,1,44.2863845825195,,Manual,Droplets Analyzed Manually,DQ,Unknown,Unknown,ddPCR Supermix for Probes (No dUTP),FAM,885.727661132813,,,47.6469764709473,40.9347496032715,19338,669,18669,,,,,,,,,895.261840820313,,,9.8979601027471,12.0581581209041,,,,,,,,,,,,6727.4583021315,529.913411890702,744.318083085815,,,,,45.9998512268066,42.5752487182617,,,,,,,,,,,,,No,0,0,0,0
G04,3205,,,,1,38.3161087036133,,Manual,Droplets Analyzed Manually,DQ,Unknown,Unknown,ddPCR Supermix for Probes (No dUTP),FAM,766.322143554688,,,41.4144668579102,35.2253684997559,19632,589,19043,,,,,,,,,895.261840820313,,,10.1569544313905,12.1396850395676,,,,,,,,,,,,6827.57743330277,537.32124084463,726.041742951285,,,,,39.8959503173828,36.7382507324219,,,,,,,,,,,,,No,0,0,0,0
G05,3213,,,,1,0,,Manual,Droplets Analyzed Manually,DQ,Unknown,Unknown,ddPCR Supermix for Probes (No dUTP),FAM,0,,,0.182095289230347,0,20697,0,20697,,,,,,,,,895.261840820313,,,,12.6364101135536,,,,,,,,,,,,,542.124700669108,542.124700669108,,,,,0.0832038223743439,0,,,,,,,,,,,,,No,0,0,0,0
G06,3213,,,,1,0,,Manual,Droplets Analyzed Manually,DQ,Unknown,Unknown,ddPCR Supermix for Probes (No dUTP),FAM,0,,,0.204041972756386,0,18471,0,18471,,,,,,,,,895.261840820313,,,,12.5031427153757,,,,,,,,,,,,,539.444021427679,539.444021427679,,,,,0.0932313576340675,0,,,,,,,,,,,,,No,0,0,0,0
H03,3206,,,,1,108.875244140625,,Manual,Droplets Analyzed Manually,DQ,Unknown,Unknown,ddPCR Supermix for Probes (No dUTP),FAM,2177.5048828125,,,114.300140380859,103.473640441895,18754,1555,17199,,,,,,,,,895.261840820313,,,7.40082460469194,11.8435741148956,,,,,,,,,,,,6631.02599552069,531.166491095219,1036.94027425516,,,,,111.640121459961,106.116424560547,,,,,,,,,,,,,No,0,0,0,0
H04,3206,,,,1,110.449859619141,,Manual,Droplets Analyzed Manually,DQ,Unknown,Unknown,ddPCR Supermix for Probes (No dUTP),FAM,2208.9970703125,,,115.935791015625,104.987747192383,18617,1565,17052,,,,,,,,,895.261840820313,,,8.41706836208935,12.167665249296,,,,,,,,,,,,6665.68590700192,531.741152567173,1047.37866348141,,,,,113.245811462402,107.660110473633,,,,,,,,,,,,,No,0,0,0,0
H05,gBlock 50 copies,,,,1,9.19148540496826,,Manual,Droplets Analyzed Manually,DQ,PosCtrl,Unknown,ddPCR Supermix for Probes (No dUTP),FAM,183.829711914063,,,10.6732110977173,7.71150350570679,20328,148,20180,,,,,,,,,895.261840820313,,,16.7128553990437,12.2069208362613,,,,,,,,,,,,7245.96462270376,557.591957884714,606.287311800161,,,,,9.94725036621094,8.43617534637451,,,,,,,,,,,,,No,0,0,0,0
H06,NTC,,,,1,0,,Manual,Droplets Analyzed Manually,DQ,NTC,Unknown,ddPCR Supermix for Probes (No dUTP),FAM,0,,,0.186779320240021,0,20178,0,20178,,,,,,,,,895.261840820313,,,,12.8388287691456,,,,,,,,,,,,,539.851293398422,539.851293398422,,,,,0.085343986749649,0,,,,,,,,,,,,,No,0,0,0,0